[{"id":1,"type":"warehouse","name":"Socuéllamos","city":"Socuéllamos","active":true,"legalName":null,"taxId":null,"address":null,"postalCode":null,"province":null,"country":null,"phone":null,"contactName":null,"email":null,"paymentTerms":null,"notes":null},{"id":2,"type":"warehouse","name":"Alicante","city":"Alicante","active":true,"legalName":null,"taxId":null,"address":null,"postalCode":null,"province":null,"country":null,"phone":null,"contactName":null,"email":null,"paymentTerms":null,"notes":null},{"id":3,"type":"retail","name":"Tienda Centro","city":"Madrid","active":true,"legalName":null,"taxId":null,"address":null,"postalCode":null,"province":null,"country":null,"phone":null,"contactName":null,"email":null,"paymentTerms":null,"notes":null}]