[{"sku":"TMP-0001","name":"Producto estándar","type":"standard","photoUrl":null,"cost":"3.5","rrp":"9.99","active":true},{"sku":"ABC-001","name":"Producto manual","type":"standard","photoUrl":null,"cost":null,"rrp":null,"active":true},{"sku":"SKU-001","name":"Producto 1","type":"standard","photoUrl":null,"cost":null,"rrp":null,"active":true},{"sku":"TMP-0002","name":"Producto Woo","type":"quick","photoUrl":null,"cost":null,"rrp":null,"active":true},{"sku":"SKU-WOO","name":"Producto Woo","type":"standard","photoUrl":null,"cost":null,"rrp":null,"active":true}]