[{"id":1,"date":"2025-12-30T09:16:54.763Z","type":"purchase","channel":"INTERNAL","fromId":null,"toId":1,"reference":null,"notes":null},{"id":2,"date":"2025-12-30T09:17:06.979Z","type":"transfer","channel":"INTERNAL","fromId":1,"toId":2,"reference":null,"notes":null},{"id":3,"date":"2025-12-30T09:17:43.368Z","type":"adjust","channel":"INTERNAL","fromId":2,"toId":null,"reference":null,"notes":null},{"id":4,"date":"2025-12-30T09:17:54.492Z","type":"adjust","channel":"INTERNAL","fromId":2,"toId":null,"reference":null,"notes":null},{"id":5,"date":"2025-12-30T09:34:08.844Z","type":"purchase","channel":"INTERNAL","fromId":null,"toId":1,"reference":null,"notes":null}]